{
  "type": "minecraft:empty",
  "pools": [
    {
      "rolls": 10,
      "entries": [
        {
          "type": "minecraft:item",
          "name": "minecraft:filled_map",
          "weight": 11,
          "functions": [
            {
              "function": "minecraft:set_components",
              "components": {
                "minecraft:map_id": 100098
              }
            },
            {
              "function": "minecraft:set_custom_model_data",
              "strings": {
                "values": [
                  "scar_hermit_common"
                ],
                "mode": "append"
              }
            },
            {
              "function": "minecraft:set_name",
              "name": {
                "text": "Scar",
                "extra": [
                  {
                    "text": " 260",
                    "color": "white",
                    "underlined": false
                  },
                  {
                    "text": " ■ common ■",
                    "color": "dark_green",
                    "underlined": false
                  },
                  {
                    "text": " Terraform",
                    "color": "#F38BAA",
                    "underlined": false
                  }
                ],
                "color": "white",
                "bold": true,
                "italic": false,
                "underlined": true
              }
            },
            {
              "function": "minecraft:set_lore",
              "lore": [
                {
                  "text": "[Trf×1] Jellie Paws - 50",
                  "italic": false
                },
                {
                  "text": "[Trf×3] Hot Guy - 100",
                  "italic": false
                }
              ],
              "mode": "append",
              "conditions": []
            }
          ]
        },
        {
          "type": "minecraft:item",
          "name": "minecraft:filled_map",
          "weight": 11,
          "functions": [
            {
              "function": "minecraft:set_components",
              "components": {
                "minecraft:map_id": 100145
              }
            },
            {
              "function": "minecraft:set_custom_model_data",
              "strings": {
                "values": [
                  "worm_man_hermit_common"
                ],
                "mode": "append"
              }
            },
            {
              "function": "minecraft:set_name",
              "name": {
                "text": "Worm Man",
                "extra": [
                  {
                    "text": " 290",
                    "color": "white",
                    "underlined": false
                  },
                  {
                    "text": " ■ common ■",
                    "color": "dark_green",
                    "underlined": false
                  },
                  {
                    "text": " Terraform",
                    "color": "#F38BAA",
                    "underlined": false
                  }
                ],
                "color": "white",
                "bold": true,
                "italic": false,
                "underlined": true
              }
            },
            {
              "function": "minecraft:set_lore",
              "lore": [
                {
                  "text": "[Trf×1] Justice! - 60",
                  "italic": false
                },
                {
                  "text": "[Trf×2, Anyx1] Away! - 90",
                  "italic": false
                }
              ],
              "mode": "append",
              "conditions": []
            }
          ]
        },
        {
          "type": "minecraft:item",
          "name": "minecraft:filled_map",
          "weight": 11,
          "functions": [
            {
              "function": "minecraft:set_components",
              "components": {
                "minecraft:map_id": 100144
              }
            },
            {
              "function": "minecraft:set_custom_model_data",
              "strings": {
                "values": [
                  "princess_gem_hermit_common"
                ],
                "mode": "append"
              }
            },
            {
              "function": "minecraft:set_name",
              "name": {
                "text": "Princess Gem",
                "extra": [
                  {
                    "text": " 280",
                    "color": "white",
                    "underlined": false
                  },
                  {
                    "text": " ■ common ■",
                    "color": "dark_green",
                    "underlined": false
                  },
                  {
                    "text": " Terraform",
                    "color": "#F38BAA",
                    "underlined": false
                  }
                ],
                "color": "white",
                "bold": true,
                "italic": false,
                "underlined": true
              }
            },
            {
              "function": "minecraft:set_lore",
              "lore": [
                {
                  "text": "[Any×1] Monarch - 40",
                  "italic": false
                },
                {
                  "text": "[Trf×3] Dawn - 100",
                  "italic": false
                }
              ],
              "mode": "append",
              "conditions": []
            }
          ]
        },
        {
          "type": "minecraft:item",
          "name": "minecraft:filled_map",
          "weight": 7,
          "functions": [
            {
              "function": "minecraft:set_components",
              "components": {
                "minecraft:map_id": 100117
              }
            },
            {
              "function": "minecraft:set_custom_model_data",
              "strings": {
                "values": [
                  "gem_hermit_rare"
                ],
                "mode": "append"
              }
            },
            {
              "function": "minecraft:set_name",
              "name": {
                "text": "Gem",
                "extra": [
                  {
                    "text": " 270",
                    "underlined": false
                  },
                  {
                    "text": " ★Rare★",
                    "color": "gold",
                    "underlined": false
                  },
                  {
                    "text": " Terraform",
                    "color": "#F38BAA",
                    "underlined": false
                  }
                ],
                "color": "white",
                "bold": true,
                "italic": false,
                "underlined": true
              }
            },
            {
              "function": "minecraft:set_lore",
              "lore": [
                {
                  "text": "[Trf×1] It's Fine - 60",
                  "italic": false
                },
                {
                  "text": "[Trf×2] GeminiSlay - 80",
                  "italic": false
                },
                {
                  "text": "GeminiSlay:",
                  "italic": false,
                  "bold": true
                },
                {
                  "text": "At the end of your turn, you may use an additional single use effect card.",
                  "italic": false
                }
              ],
              "mode": "append",
              "conditions": []
            }
          ]
        },
        {
          "type": "minecraft:item",
          "name": "minecraft:filled_map",
          "weight": 7,
          "functions": [
            {
              "function": "minecraft:set_components",
              "components": {
                "minecraft:map_id": 100124
              }
            },
            {
              "function": "minecraft:set_custom_model_data",
              "strings": {
                "values": [
                  "keralis_hermit_rare"
                ],
                "mode": "append"
              }
            },
            {
              "function": "minecraft:set_name",
              "name": {
                "text": "Keralis",
                "extra": [
                  {
                    "text": " 270",
                    "underlined": false
                  },
                  {
                    "text": " ★Rare★",
                    "color": "gold",
                    "underlined": false
                  },
                  {
                    "text": " Terraform",
                    "color": "#F38BAA",
                    "underlined": false
                  }
                ],
                "color": "white",
                "bold": true,
                "italic": false,
                "underlined": true
              }
            },
            {
              "function": "minecraft:set_lore",
              "lore": [
                {
                  "text": "[Any×1] Booshes - 60",
                  "italic": false
                },
                {
                  "text": "[Trf×2, Any×1] Sweet Face - 00",
                  "italic": false
                },
                {
                  "text": "Sweet Face:",
                  "italic": false,
                  "bold": true
                },
                {
                  "text": "Heal any AFK Hermit 100hp.",
                  "italic": false
                }
              ],
              "mode": "append",
              "conditions": []
            }
          ]
        },
        {
          "type": "minecraft:item",
          "name": "minecraft:filled_map",
          "weight": 7,
          "functions": [
            {
              "function": "minecraft:set_components",
              "components": {
                "minecraft:map_id": 100126
              }
            },
            {
              "function": "minecraft:set_custom_model_data",
              "strings": {
                "values": [
                  "pearl_hermit_rare"
                ],
                "mode": "append"
              }
            },
            {
              "function": "minecraft:set_name",
              "name": {
                "text": "Pearl",
                "extra": [
                  {
                    "text": " 300",
                    "underlined": false
                  },
                  {
                    "text": " ★Rare★",
                    "color": "gold",
                    "underlined": false
                  },
                  {
                    "text": " Terraform",
                    "color": "#F38BAA",
                    "underlined": false
                  }
                ],
                "color": "white",
                "bold": true,
                "italic": false,
                "underlined": true
              }
            },
            {
              "function": "minecraft:set_lore",
              "lore": [
                {
                  "text": "[Trf×1] Cleaning Lady - 60",
                  "italic": false
                },
                {
                  "text": "[Trf×1, Any×1] Aussie Ping - 70",
                  "italic": false
                },
                {
                  "text": "Aussie Ping:",
                  "italic": false,
                  "bold": true
                },
                {
                  "text": "If your opponent attacks on their next turn, flip a coin.",
                  "italic": false
                },
                {
                  "text": "If heads, their attack misses. Your opponent can not miss due to this ability on consecutive turns.",
                  "italic": false
                }
              ],
              "mode": "append",
              "conditions": []
            }
          ]
        }
      ]
    }
  ]
}