{
  "type": "minecraft:empty",
  "pools": [
    {
      "rolls": 1,
      "entries": [
        {
          "type": "minecraft:item",
          "name": "minecraft:filled_map",
          "weight": 12,
          "functions": [
            {
              "function": "minecraft:set_components",
              "components": {
                "minecraft:map_id": 100166
              }
            },
            {
              "function": "minecraft:set_custom_model_data",
              "strings": {
                "values": [
                  "balanced_itemx2"
                ],
                "mode": "append"
              }
            },
            {
              "function": "minecraft:set_name",
              "name": [
                {
                  "text": "Balanced",
                  "color": "dark_green",
                  "bold": true,
                  "italic": false
                },
                {
                  "text": " ★ double ★",
                  "color": "gold",
                  "bold": false,
                  "italic": false
                }
              ]
            },
            {
              "function": "minecraft:set_lore",
              "lore": [
                {
                  "text": "Counts as 2 Item cards.",
                  "italic": true
                }
              ],
              "mode": "append",
              "conditions": []
            }
          ]
        },
        {
          "type": "minecraft:item",
          "name": "minecraft:filled_map",
          "weight": 12,
          "functions": [
            {
              "function": "minecraft:set_components",
              "components": {
                "minecraft:map_id": 100167
              }
            },
            {
              "function": "minecraft:set_custom_model_data",
              "strings": {
                "values": [
                  "builder_itemx2"
                ],
                "mode": "append"
              }
            },
            {
              "function": "minecraft:set_name",
              "name": [
                {
                  "text": "Builder",
                  "color": "#835432",
                  "bold": true,
                  "italic": false
                },
                {
                  "text": " ★ double ★",
                  "color": "gold",
                  "bold": false,
                  "italic": false
                }
              ]
            },
            {
              "function": "minecraft:set_lore",
              "lore": [
                {
                  "text": "Counts as 2 Item cards.",
                  "italic": true
                }
              ],
              "mode": "append",
              "conditions": []
            }
          ]
        },
        {
          "type": "minecraft:item",
          "name": "minecraft:filled_map",
          "weight": 12,
          "functions": [
            {
              "function": "minecraft:set_components",
              "components": {
                "minecraft:map_id": 100168
              }
            },
            {
              "function": "minecraft:set_custom_model_data",
              "strings": {
                "values": [
                  "explorer_itemx2"
                ],
                "mode": "append"
              }
            },
            {
              "function": "minecraft:set_name",
              "name": [
                {
                  "text": "Explorer",
                  "color": "#678ABE",
                  "bold": true,
                  "italic": false
                },
                {
                  "text": " ★ double ★",
                  "color": "gold",
                  "bold": false,
                  "italic": false
                }
              ]
            },
            {
              "function": "minecraft:set_lore",
              "lore": [
                {
                  "text": "Counts as 2 Item cards.",
                  "italic": true
                }
              ],
              "mode": "append",
              "conditions": []
            }
          ]
        },
        {
          "type": "minecraft:item",
          "name": "minecraft:filled_map",
          "weight": 12,
          "functions": [
            {
              "function": "minecraft:set_components",
              "components": {
                "minecraft:map_id": 100169
              }
            },
            {
              "function": "minecraft:set_custom_model_data",
              "strings": {
                "values": [
                  "farm_itemx2"
                ],
                "mode": "append"
              }
            },
            {
              "function": "minecraft:set_name",
              "name": [
                {
                  "text": "Farm",
                  "color": "green",
                  "bold": true,
                  "italic": false
                },
                {
                  "text": " ★ double ★",
                  "color": "gold",
                  "bold": false,
                  "italic": false
                }
              ]
            },
            {
              "function": "minecraft:set_lore",
              "lore": [
                {
                  "text": "Counts as 2 Item cards.",
                  "italic": true
                }
              ],
              "mode": "append",
              "conditions": []
            }
          ]
        },
        {
          "type": "minecraft:item",
          "name": "minecraft:filled_map",
          "weight": 12,
          "functions": [
            {
              "function": "minecraft:set_components",
              "components": {
                "minecraft:map_id": 100170
              }
            },
            {
              "function": "minecraft:set_custom_model_data",
              "strings": {
                "values": [
                  "miner_itemx2"
                ],
                "mode": "append"
              }
            },
            {
              "function": "minecraft:set_name",
              "name": [
                {
                  "text": "Miner",
                  "color": "gray",
                  "bold": true,
                  "italic": false
                },
                {
                  "text": " ★ double ★",
                  "color": "gold",
                  "bold": false,
                  "italic": false
                }
              ]
            },
            {
              "function": "minecraft:set_lore",
              "lore": [
                {
                  "text": "Counts as 2 Item cards.",
                  "italic": true
                }
              ],
              "mode": "append",
              "conditions": []
            }
          ]
        },
        {
          "type": "minecraft:item",
          "name": "minecraft:filled_map",
          "weight": 12,
          "functions": [
            {
              "function": "minecraft:set_components",
              "components": {
                "minecraft:map_id": 100171
              }
            },
            {
              "function": "minecraft:set_custom_model_data",
              "strings": {
                "values": [
                  "prankster_itemx2"
                ],
                "mode": "append"
              }
            },
            {
              "function": "minecraft:set_name",
              "name": [
                {
                  "text": "Prankster",
                  "color": "dark_purple",
                  "bold": true,
                  "italic": false
                },
                {
                  "text": " ★ double ★",
                  "color": "gold",
                  "bold": false,
                  "italic": false
                }
              ]
            },
            {
              "function": "minecraft:set_lore",
              "lore": [
                {
                  "text": "Counts as 2 Item cards.",
                  "italic": true
                }
              ],
              "mode": "append",
              "conditions": []
            }
          ]
        },
        {
          "type": "minecraft:item",
          "name": "minecraft:filled_map",
          "weight": 12,
          "functions": [
            {
              "function": "minecraft:set_components",
              "components": {
                "minecraft:map_id": 100172
              }
            },
            {
              "function": "minecraft:set_custom_model_data",
              "strings": {
                "values": [
                  "pvp_itemx2"
                ],
                "mode": "append"
              }
            },
            {
              "function": "minecraft:set_name",
              "name": [
                {
                  "text": "PVP",
                  "color": "aqua",
                  "bold": true,
                  "italic": false
                },
                {
                  "text": " ★ double ★",
                  "color": "gold",
                  "bold": false,
                  "italic": false
                }
              ]
            },
            {
              "function": "minecraft:set_lore",
              "lore": [
                {
                  "text": "Counts as 2 Item cards.",
                  "italic": true
                }
              ],
              "mode": "append",
              "conditions": []
            }
          ]
        },
        {
          "type": "minecraft:item",
          "name": "minecraft:filled_map",
          "weight": 12,
          "functions": [
            {
              "function": "minecraft:set_components",
              "components": {
                "minecraft:map_id": 100173
              }
            },
            {
              "function": "minecraft:set_custom_model_data",
              "strings": {
                "values": [
                  "redstone_itemx2"
                ],
                "mode": "append"
              }
            },
            {
              "function": "minecraft:set_name",
              "name": [
                {
                  "text": "Redstone",
                  "color": "dark_red",
                  "bold": true,
                  "italic": false
                },
                {
                  "text": " ★ double ★",
                  "color": "gold",
                  "bold": false,
                  "italic": false
                }
              ]
            },
            {
              "function": "minecraft:set_lore",
              "lore": [
                {
                  "text": "Counts as 2 Item cards.",
                  "italic": true
                }
              ],
              "mode": "append",
              "conditions": []
            }
          ]
        },
        {
          "type": "minecraft:item",
          "name": "minecraft:filled_map",
          "weight": 12,
          "functions": [
            {
              "function": "minecraft:set_components",
              "components": {
                "minecraft:map_id": 100174
              }
            },
            {
              "function": "minecraft:set_custom_model_data",
              "strings": {
                "values": [
                  "speedrunner_itemx2"
                ],
                "mode": "append"
              }
            },
            {
              "function": "minecraft:set_name",
              "name": [
                {
                  "text": "Speedrunner",
                  "color": "yellow",
                  "bold": true,
                  "italic": false
                },
                {
                  "text": " ★ double ★",
                  "color": "gold",
                  "bold": false,
                  "italic": false
                }
              ]
            },
            {
              "function": "minecraft:set_lore",
              "lore": [
                {
                  "text": "Counts as 2 Item cards.",
                  "italic": true
                }
              ],
              "mode": "append",
              "conditions": []
            }
          ]
        },
        {
          "type": "minecraft:item",
          "name": "minecraft:filled_map",
          "weight": 12,
          "functions": [
            {
              "function": "minecraft:set_components",
              "components": {
                "minecraft:map_id": 100175
              }
            },
            {
              "function": "minecraft:set_custom_model_data",
              "strings": {
                "values": [
                  "terraform_itemx2"
                ],
                "mode": "append"
              }
            },
            {
              "function": "minecraft:set_name",
              "name": [
                {
                  "text": "Terraform",
                  "color": "#F38BAA",
                  "bold": true,
                  "italic": false
                },
                {
                  "text": " ★ double ★",
                  "color": "gold",
                  "bold": false,
                  "italic": false
                }
              ]
            },
            {
              "function": "minecraft:set_lore",
              "lore": [
                {
                  "text": "Counts as 2 Item cards.",
                  "italic": true
                }
              ],
              "mode": "append",
              "conditions": []
            }
          ]
        }
      ]
    }
  ]
}