{
  "type": "minecraft:empty",
  "pools": [
    {
      "rolls": 10,
      "entries": [
        {
          "type": "minecraft:item",
          "name": "minecraft:filled_map",
          "weight": 11,
          "functions": [
            {
              "function": "minecraft:set_components",
              "components": {
                "minecraft:map_id": 100143
              }
            },
            {
              "function": "minecraft:set_custom_model_data",
              "strings": {
                "values": [
                  "poultry_man_hermit_common"
                ],
                "mode": "append"
              }
            },
            {
              "function": "minecraft:set_name",
              "name": {
                "text": "Poultry Man",
                "extra": [
                  {
                    "text": " 260",
                    "color": "white",
                    "underlined": false
                  },
                  {
                    "text": " ■ common ■",
                    "color": "dark_green",
                    "underlined": false
                  },
                  {
                    "text": " Prankster",
                    "color": "dark_purple",
                    "underlined": false
                  }
                ],
                "color": "white",
                "bold": true,
                "italic": false,
                "underlined": true
              }
            },
            {
              "function": "minecraft:set_lore",
              "lore": [
                {
                  "text": "[Prk×1] Eggscuse Me - 60",
                  "italic": false
                },
                {
                  "text": "[Prk×2] Eggsplosion - 80",
                  "italic": false
                }
              ],
              "mode": "append",
              "conditions": []
            }
          ]
        },
        {
          "type": "minecraft:item",
          "name": "minecraft:filled_map",
          "weight": 7,
          "functions": [
            {
              "function": "minecraft:set_custom_model_data",
              "strings": {
                "values": [
                  "goatfather_hermit_rare"
                ],
                "mode": "append"
              }
            },
            {
              "function": "minecraft:set_name",
              "name": {
                "text": "Goat Father",
                "extra": [
                  {
                    "text": " 270",
                    "underlined": false
                  },
                  {
                    "text": " ★Rare★",
                    "color": "gold",
                    "underlined": false
                  },
                  {
                    "text": " Prankster",
                    "color": "dark_purple",
                    "underlined": false
                  }
                ],
                "color": "white",
                "bold": true,
                "italic": false,
                "underlined": true
              }
            },
            {
              "function": "minecraft:set_lore",
              "lore": [
                {
                  "text": "[Any×1] Omerta - 40",
                  "italic": false
                },
                {
                  "text": "[Prk×2] Anvil Drop - 80",
                  "italic": false
                },
                {
                  "text": "Anvil Drop:",
                  "italic": false,
                  "bold": true
                },
                {
                  "text": "Flip a coin.",
                  "italic": false
                },
                {
                  "text": "If heads, do an additional 30hp damage to your opponent's active Hermit and 10hp damage to each Hermit below it on the game board.",
                  "italic": false
                }
              ],
              "mode": "append",
              "conditions": []
            }
          ]
        },
        {
          "type": "minecraft:item",
          "name": "minecraft:filled_map",
          "weight": 7,
          "functions": [
            {
              "function": "minecraft:set_components",
              "components": {
                "minecraft:map_id": 100118
              }
            },
            {
              "function": "minecraft:set_custom_model_data",
              "strings": {
                "values": [
                  "grian_hermit_rare"
                ],
                "mode": "append"
              }
            },
            {
              "function": "minecraft:set_name",
              "name": {
                "text": "Grian",
                "extra": [
                  {
                    "text": " 300",
                    "underlined": false
                  },
                  {
                    "text": " ★Rare★",
                    "color": "gold",
                    "underlined": false
                  },
                  {
                    "text": " Prankster",
                    "color": "dark_purple",
                    "underlined": false
                  }
                ],
                "color": "white",
                "bold": true,
                "italic": false,
                "underlined": true
              }
            },
            {
              "function": "minecraft:set_lore",
              "lore": [
                {
                  "text": "[Prk×2] Borrow - 50",
                  "italic": false
                },
                {
                  "text": "[Prk×3] Start a War - 100",
                  "italic": false
                },
                {
                  "text": "Borrow:",
                  "italic": false,
                  "bold": true
                },
                {
                  "text": "Flip a coin.",
                  "italic": false,
                  "bold": true
                },
                {
                  "text": "If heads, steal the attached effect card of your opponent's active Hermit, and then choose to attach or discard it.",
                  "italic": false
                }
              ],
              "mode": "append",
              "conditions": []
            }
          ]
        },
        {
          "type": "minecraft:item",
          "name": "minecraft:filled_map",
          "weight": 7,
          "functions": [
            {
              "function": "minecraft:set_components",
              "components": {
                "minecraft:map_id": 100129
              }
            },
            {
              "function": "minecraft:set_custom_model_data",
              "strings": {
                "values": [
                  "stress_hermit_rare"
                ],
                "mode": "append"
              }
            },
            {
              "function": "minecraft:set_name",
              "name": {
                "text": "Stress",
                "extra": [
                  {
                    "text": " 300",
                    "underlined": false
                  },
                  {
                    "text": " ★Rare★",
                    "color": "gold",
                    "underlined": false
                  },
                  {
                    "text": " Prankster",
                    "color": "dark_purple",
                    "underlined": false
                  }
                ],
                "color": "white",
                "bold": true,
                "italic": false,
                "underlined": true
              }
            },
            {
              "function": "minecraft:set_lore",
              "lore": [
                {
                  "text": "[Prk×1] Plonker - 50",
                  "italic": false
                },
                {
                  "text": "[Prk×3] YOLO - 00",
                  "italic": false
                },
                {
                  "text": "YOLO:",
                  "italic": false,
                  "bold": true
                },
                {
                  "text": "You and your opponent's active Hermits take damage equal to your active Hermit's health.",
                  "italic": false
                },
                {
                  "text": "Any damage this Hermit takes due to this ability can not be redirected.",
                  "italic": false
                }
              ],
              "mode": "append",
              "conditions": []
            }
          ]
        },
        {
          "type": "minecraft:item",
          "name": "minecraft:filled_map",
          "weight": 6,
          "functions": [
            {
              "function": "minecraft:set_components",
              "components": {
                "minecraft:map_id": 100125
              }
            },
            {
              "function": "minecraft:set_custom_model_data",
              "strings": {
                "values": [
                  "mumbo_hermit_rare"
                ],
                "mode": "append"
              }
            },
            {
              "function": "minecraft:set_name",
              "name": {
                "text": "Mumbo",
                "extra": [
                  {
                    "text": " 290",
                    "underlined": false
                  },
                  {
                    "text": " ★Rare★",
                    "color": "gold",
                    "underlined": false
                  },
                  {
                    "text": " Prankster",
                    "color": "dark_purple",
                    "underlined": false
                  }
                ],
                "color": "white",
                "bold": true,
                "italic": false,
                "underlined": true
              }
            },
            {
              "function": "minecraft:set_lore",
              "lore": [
                {
                  "text": "[Prk×1] Moustache - 60",
                  "italic": false
                },
                {
                  "text": "[Prk×2] Quite Simple - 40",
                  "italic": false
                },
                {
                  "text": "Quite Simple:",
                  "italic": false,
                  "bold": true
                },
                {
                  "text": "Flip a coin twice.",
                  "italic": false
                },
                {
                  "text": "Do an additional 20hp damage for every heads. Total attack damage doubles if you have at least one AFK Prankster on the game board.",
                  "italic": false
                }
              ],
              "mode": "append",
              "conditions": []
            }
          ]
        }
      ]
    }
  ]
}