{
  "type": "minecraft:empty",
  "pools": [
    {
      "rolls": 10,
      "entries": [
        {
          "type": "minecraft:item",
          "name": "minecraft:filled_map",
          "weight": 11,
          "functions": [
            {
              "function": "minecraft:set_components",
              "components": {
                "minecraft:map_id": 100101
              }
            },
            {
              "function": "minecraft:set_custom_model_data",
              "strings": {
                "values": [
                  "tfc_hermit_common"
                ],
                "mode": "append"
              }
            },
            {
              "function": "minecraft:set_name",
              "name": {
                "text": "TFC",
                "extra": [
                  {
                    "text": " 290",
                    "color": "white",
                    "underlined": false
                  },
                  {
                    "text": " ■ common ■",
                    "color": "dark_green",
                    "underlined": false
                  },
                  {
                    "text": " Miner",
                    "color": "gray",
                    "underlined": false
                  }
                ],
                "color": "white",
                "bold": true,
                "italic": false,
                "underlined": true
              }
            },
            {
              "function": "minecraft:set_lore",
              "lore": [
                {
                  "text": "[Any×1] =π - 40",
                  "italic": false
                },
                {
                  "text": "[Min×2, Any×1] Alright - 90",
                  "italic": false
                }
              ],
              "mode": "append",
              "conditions": []
            }
          ]
        },
        {
          "type": "minecraft:item",
          "name": "minecraft:filled_map",
          "weight": 11,
          "functions": [
            {
              "function": "minecraft:set_components",
              "components": {
                "minecraft:map_id": 100142
              }
            },
            {
              "function": "minecraft:set_custom_model_data",
              "strings": {
                "values": [
                  "evil_jevin_hermit_common"
                ],
                "mode": "append"
              }
            },
            {
              "function": "minecraft:set_name",
              "name": {
                "text": "Evil Jevin",
                "extra": [
                  {
                    "text": " 260",
                    "color": "white",
                    "underlined": false
                  },
                  {
                    "text": " ■ common ■",
                    "color": "dark_green",
                    "underlined": false
                  },
                  {
                    "text": " Miner",
                    "color": "gray",
                    "underlined": false
                  }
                ],
                "color": "white",
                "bold": true,
                "italic": false,
                "underlined": true
              }
            },
            {
              "function": "minecraft:set_lore",
              "lore": [
                {
                  "text": "[Min×1] Pickle - 60",
                  "italic": false
                },
                {
                  "text": "[Min×2, Any×1] Slime - 90",
                  "italic": false
                }
              ],
              "mode": "append",
              "conditions": []
            }
          ]
        },
        {
          "type": "minecraft:item",
          "name": "minecraft:filled_map",
          "weight": 7,
          "functions": [
            {
              "function": "minecraft:set_components",
              "components": {
                "minecraft:map_id": 100131
              }
            },
            {
              "function": "minecraft:set_custom_model_data",
              "strings": {
                "values": [
                  "tfc_hermit_rare"
                ],
                "mode": "append"
              }
            },
            {
              "function": "minecraft:set_name",
              "name": {
                "text": "TFC",
                "extra": [
                  {
                    "text": " 300",
                    "underlined": false
                  },
                  {
                    "text": " ★Rare★",
                    "color": "gold",
                    "underlined": false
                  },
                  {
                    "text": " Miner",
                    "color": "gray",
                    "underlined": false
                  }
                ],
                "color": "white",
                "bold": true,
                "italic": false,
                "underlined": true
              }
            },
            {
              "function": "minecraft:set_lore",
              "lore": [
                {
                  "text": "[Any×1] True Hermit - 40",
                  "italic": false
                },
                {
                  "text": "[Min×2] Branch Mine - 80",
                  "italic": false
                },
                {
                  "text": "Branch Mine:",
                  "italic": false,
                  "bold": true
                },
                {
                  "text": "Flip a coin.",
                  "italic": false
                },
                {
                  "text": "If heads, you draw an extra card at the end of your turn.",
                  "italic": false
                }
              ],
              "mode": "append",
              "conditions": []
            }
          ]
        },
        {
          "type": "minecraft:item",
          "name": "minecraft:filled_map",
          "weight": 7,
          "functions": [
            {
              "function": "minecraft:set_components",
              "components": {
                "minecraft:map_id": 100119
              }
            },
            {
              "function": "minecraft:set_custom_model_data",
              "strings": {
                "values": [
                  "hypno_hermit_rare"
                ],
                "mode": "append"
              }
            },
            {
              "function": "minecraft:set_name",
              "name": {
                "text": "Hypno",
                "extra": [
                  {
                    "text": " 270",
                    "underlined": false
                  },
                  {
                    "text": " ★Rare★",
                    "color": "gold",
                    "underlined": false
                  },
                  {
                    "text": " Miner",
                    "color": "gray",
                    "underlined": false
                  }
                ],
                "color": "white",
                "bold": true,
                "italic": false,
                "underlined": true
              }
            },
            {
              "function": "minecraft:set_lore",
              "lore": [
                {
                  "text": "[Min×1] MmHmm - 60",
                  "italic": false
                },
                {
                  "text": "[Min×1, Any×1] Got'Em - 70",
                  "italic": false
                },
                {
                  "text": "Got'Em:",
                  "italic": false,
                  "bold": true
                },
                {
                  "text": "You can choose to attack one of your opponent's AFK Hermits. If you do this, you must discard one item card attached to your active Hermit.",
                  "italic": false
                }
              ],
              "mode": "append",
              "conditions": []
            }
          ]
        },
        {
          "type": "minecraft:item",
          "name": "minecraft:filled_map",
          "weight": 1,
          "functions": [
            {
              "function": "minecraft:set_components",
              "components": {
                "minecraft:map_id": 100139
              }
            },
            {
              "function": "minecraft:set_custom_model_data",
              "strings": {
                "values": [
                  "tfc_hermit_ultra_rare"
                ],
                "mode": "append"
              }
            },
            {
              "function": "minecraft:set_name",
              "name": {
                "text": "TFC",
                "extra": [
                  {
                    "text": " 300",
                    "underlined": false
                  },
                  {
                    "text": " ★Ultra Rare★",
                    "color": "aqua",
                    "underlined": false
                  },
                  {
                    "text": " Miner",
                    "color": "gray",
                    "underlined": false
                  }
                ],
                "color": "white",
                "bold": true,
                "italic": false,
                "underlined": true
              }
            },
            {
              "function": "minecraft:set_lore",
              "lore": [
                {
                  "text": "[Minx1] Phone Call - 60",
                  "italic": false
                },
                {
                  "text": "[Minx3] Take It Easy - 100",
                  "italic": false
                },
                {
                  "text": "Take It Easy:",
                  "italic": false,
                  "bold": true
                },
                {
                  "text": "Flip a coin.",
                  "italic": false
                },
                {
                  "text": "If heads, your opponent must discard any effect card attached to their active Hermit.Only one effect card per Hermit can be discarded using this ability.",
                  "italic": false
                }
              ],
              "mode": "append",
              "conditions": []
            }
          ]
        }
      ]
    }
  ]
}